{"cameraMode":{"drawMode":0,"name":"Shaded","section":"Shading Mode"},"sceneLighting":false,"audioPlay":false,"sceneViewState":{"m_AlwaysRefresh":false,"showFog":true,"showSkybox":false,"showFlares":true,"showImageEffects":true,"showParticleSystems":true,"showVisualEffectGraphs":true,"m_FxEnabled":false},"in2DMode":false,"pivot":{"x":-3.2991206645965578,"y":0.9607821106910706,"z":7.693251609802246},"rotation":{"x":-0.0904684066772461,"y":-0.03008202835917473,"z":0.0029288053046911957,"w":-0.9957607984542847},"size":1.3977837562561036,"orthographic":false}